[{"_allAttributes":null,"_properties":null,"_methods":null,"file":"/Users/nkumaryampati/Documents/VSCodeProjects/lwc-exercise/force-app/main/default/lwc/courseSelector/courseSelector.js","metadata":{"decorators":[{"type":"wire","targets":[{"name":"courseList","adapter":{"name":"getSearchedCourses","reference":"@salesforce/apex/courseController.searchRecord"},"type":"property","static":{},"params":{"searchKeyWord":"searchKey"}}]},{"type":"track","targets":[{"name":"searchKey","type":"property"}]}],"declarationLoc":{"start":{"line":6,"column":0},"end":{"line":22,"column":1}},"classMembers":[{"type":"property","name":"courseList","loc":{"start":{"line":20,"column":4},"end":{"line":20,"column":74}},"decorator":"wire"},{"type":"property","name":"error","loc":{"start":{"line":8,"column":4},"end":{"line":8,"column":10}}},{"type":"property","name":"searchKey","loc":{"start":{"line":10,"column":4},"end":{"line":10,"column":24}},"decorator":"track"},{"type":"method","name":"handleSearch","loc":{"start":{"line":15,"column":4},"end":{"line":18,"column":5}}}],"exports":[{"type":"ExportDefaultDeclaration"}]},"updatedAt":"2023-02-28T09:44:33.366Z"},{"_allAttributes":null,"_properties":null,"_methods":null,"file":"/Users/nkumaryampati/Documents/VSCodeProjects/lwc-exercise/force-app/main/default/lwc/courseSelectorPlayground/courseSelectorPlayground.js","metadata":{"decorators":[{"type":"wire","targets":[{"name":"courseList","adapter":{"name":"getSearchedCourses","reference":"@salesforce/apex/courseController.searchRecord"},"type":"property","static":{},"params":{"searchKeyWord":"searchKey"}}]},{"type":"track","targets":[{"name":"searchKey","type":"property"}]}],"declarationLoc":{"start":{"line":5,"column":0},"end":{"line":20,"column":1}},"classMembers":[{"type":"property","name":"courseList","loc":{"start":{"line":19,"column":4},"end":{"line":19,"column":74}},"decorator":"wire"},{"type":"property","name":"error","loc":{"start":{"line":7,"column":4},"end":{"line":7,"column":10}}},{"type":"property","name":"searchKey","loc":{"start":{"line":9,"column":4},"end":{"line":9,"column":24}},"decorator":"track"},{"type":"method","name":"handleSearch","loc":{"start":{"line":14,"column":4},"end":{"line":17,"column":5}}}],"exports":[{"type":"ExportDefaultDeclaration"}]},"updatedAt":"2023-02-27T06:55:11.401Z"},{"_allAttributes":null,"_properties":null,"_methods":null,"file":"/Users/nkumaryampati/Documents/VSCodeProjects/lwc-exercise/force-app/main/default/lwc/courseSelectorWrapped/courseSelectorWrapped.js","metadata":{"decorators":[{"type":"wire","targets":[{"name":"wireRecs","adapter":{"name":"getSearchedCoursesWraps","reference":"@salesforce/apex/courseController.searchRecordWraps"},"type":"method","static":{},"params":{"searchKeyWord":"searchKey"}}]},{"type":"track","targets":[{"name":"searchKey","type":"property"}]}],"declarationLoc":{"start":{"line":6,"column":0},"end":{"line":41,"column":1}},"classMembers":[{"type":"property","name":"courseList","loc":{"start":{"line":7,"column":4},"end":{"line":7,"column":20}}},{"type":"property","name":"error","loc":{"start":{"line":8,"column":4},"end":{"line":8,"column":10}}},{"type":"property","name":"searchKey","loc":{"start":{"line":10,"column":4},"end":{"line":10,"column":24}},"decorator":"track"},{"type":"method","name":"handleSearch","loc":{"start":{"line":12,"column":4},"end":{"line":15,"column":5}}},{"type":"method","name":"wireRecs","loc":{"start":{"line":17,"column":4},"end":{"line":27,"column":5}},"decorator":"wire"},{"type":"method","name":"handleOnRefreshCall","loc":{"start":{"line":28,"column":4},"end":{"line":36,"column":5}}},{"type":"method","name":"connectedCallback","loc":{"start":{"line":37,"column":4},"end":{"line":40,"column":5}}}],"exports":[{"type":"ExportDefaultDeclaration"}]},"updatedAt":"2023-03-04T09:45:17.289Z"},{"_allAttributes":null,"_properties":null,"_methods":null,"file":"/Users/nkumaryampati/Documents/VSCodeProjects/lwc-exercise/force-app/main/default/lwc/courseTestV1/courseTestV1.js","metadata":{"decorators":[],"declarationLoc":{"start":{"line":4,"column":0},"end":{"line":13,"column":1}},"classMembers":[{"type":"property","name":"isLiked","loc":{"start":{"line":5,"column":4},"end":{"line":5,"column":20}}},{"type":"method","name":"handleDPClick","loc":{"start":{"line":6,"column":4},"end":{"line":8,"column":5}}},{"type":"method","name":"handleLike","loc":{"start":{"line":9,"column":4},"end":{"line":12,"column":5}}}],"exports":[{"type":"ExportDefaultDeclaration"}]},"updatedAt":"2023-02-25T06:33:15.036Z"},{"_allAttributes":null,"_properties":null,"_methods":null,"file":"/Users/nkumaryampati/Documents/VSCodeProjects/lwc-exercise/force-app/main/default/lwc/courseTile/courseTile.js","metadata":{"decorators":[{"type":"api","targets":[{"type":"property","name":"courseItem","value":{"type":"unresolved"}}]}],"exports":[{"type":"ExportDefaultDeclaration"}]},"updatedAt":"2023-02-28T12:51:36.255Z"},{"_allAttributes":null,"_properties":null,"_methods":null,"file":"/Users/nkumaryampati/Documents/VSCodeProjects/lwc-exercise/force-app/main/default/lwc/courseTileTester/courseTileTester.js","metadata":{"decorators":[],"declarationLoc":{"start":{"line":3,"column":0},"end":{"line":13,"column":1}},"classMembers":[{"type":"property","name":"courseItem","loc":{"start":{"line":4,"column":4},"end":{"line":12,"column":14}}}],"exports":[{"type":"ExportDefaultDeclaration"}]},"updatedAt":"2023-02-25T07:01:35.019Z"},{"_allAttributes":null,"_properties":null,"_methods":null,"file":"/Users/nkumaryampati/Documents/VSCodeProjects/lwc-exercise/force-app/main/default/lwc/courseTileWrap/courseTileWrap.js","metadata":{"decorators":[{"type":"api","targets":[{"type":"property","name":"courseWrap","value":{"type":"unresolved"}}]}],"exports":[{"type":"ExportDefaultDeclaration"}]},"updatedAt":"2023-03-04T12:47:34.823Z"},{"_allAttributes":null,"_properties":null,"_methods":null,"file":"/Users/nkumaryampati/Documents/VSCodeProjects/lwc-exercise/force-app/main/default/lwc/einsten_discovery/einsten_discovery.js","metadata":{"decorators":[],"declarationLoc":{"start":{"line":3,"column":0},"end":{"line":3,"column":66}},"classMembers":[],"exports":[{"type":"ExportDefaultDeclaration"}]},"updatedAt":"2023-02-27T10:42:48.000Z"},{"_allAttributes":null,"_properties":null,"_methods":null,"file":"/Users/nkumaryampati/Documents/VSCodeProjects/lwc-exercise/force-app/main/default/lwc/institutionModal/institutionModal.js","metadata":{"decorators":[{"type":"api","targets":[{"type":"property","name":"courseId","value":{"type":"unresolved"}}]},{"type":"wire","targets":[{"name":"institutionRecord","adapter":{"name":"getInstitution","reference":"@salesforce/apex/courseController.getInstitution"},"type":"property","static":{},"params":{"courseId":"courseId"}}]}],"exports":[{"type":"ExportDefaultDeclaration"}]},"updatedAt":"2023-02-25T12:06:06.253Z"},{"_allAttributes":null,"_properties":null,"_methods":null,"file":"/Users/nkumaryampati/Documents/VSCodeProjects/lwc-exercise/force-app/main/default/lwc/courseTileWrapCr/courseTileWrapCr.js","metadata":{"decorators":[{"type":"api","targets":[{"type":"property","name":"courseWrap","value":{"type":"unresolved"}}]}],"exports":[{"type":"ExportDefaultDeclaration"}]},"updatedAt":"2023-03-06T11:53:40.361Z"},{"_allAttributes":null,"_properties":null,"_methods":null,"file":"/Users/nkumaryampati/Documents/VSCodeProjects/lwc-exercise/force-app/main/default/lwc/getterSetterExample/getterSetterExample.js","metadata":{"decorators":[{"type":"track","targets":[{"name":"outputMessage","type":"property"}]}],"declarationLoc":{"start":{"line":3,"column":0},"end":{"line":24,"column":1}},"classMembers":[{"type":"property","name":"defaultMsg","loc":{"start":{"line":4,"column":4},"end":{"line":4,"column":36}}},{"type":"property","name":"outputMessage","loc":{"start":{"line":5,"column":4},"end":{"line":5,"column":25}},"decorator":"track"},{"type":"property","name":"message","loc":{"start":{"line":8,"column":4},"end":{"line":12,"column":5}}},{"type":"method","name":"handleMessage","loc":{"start":{"line":19,"column":4},"end":{"line":23,"column":5}}}],"exports":[{"type":"ExportDefaultDeclaration"}]},"updatedAt":"2023-03-03T17:30:43.943Z"},{"_allAttributes":null,"_properties":null,"_methods":null,"file":"/Users/nkumaryampati/Documents/VSCodeProjects/lwc-exercise/force-app/main/default/lwc/flowComponent_labsStudentSearch/flowComponent_labsStudentSearch.js","metadata":{"decorators":[],"declarationLoc":{"start":{"line":3,"column":0},"end":{"line":3,"column":80}},"classMembers":[],"exports":[{"type":"ExportDefaultDeclaration"}]},"updatedAt":"2023-03-24T06:51:12.601Z"},{"_allAttributes":null,"_properties":null,"_methods":null,"file":"/Users/nkumaryampati/Documents/VSCodeProjects/lwc-exercise/force-app/main/default/lwc/labsInstructorCard/labsInstructorCard.js","metadata":{"decorators":[{"type":"api","targets":[{"type":"property","name":"recordId","value":{"type":"unresolved"}},{"type":"property","name":"objectApiName","value":{"type":"unresolved"}}]}],"declarationLoc":{"start":{"line":4,"column":0},"end":{"line":21,"column":1}},"classMembers":[{"type":"property","name":"recordId","loc":{"start":{"line":5,"column":4},"end":{"line":5,"column":18}},"decorator":"api","value":{"type":"unresolved"}},{"type":"property","name":"objectApiName","loc":{"start":{"line":6,"column":4},"end":{"line":6,"column":23}},"decorator":"api","value":{"type":"unresolved"}},{"type":"property","name":"instructorWrap","loc":{"start":{"line":7,"column":4},"end":{"line":7,"column":24}}},{"type":"property","name":"error","loc":{"start":{"line":8,"column":4},"end":{"line":8,"column":10}}},{"type":"method","name":"connectedCallback","loc":{"start":{"line":12,"column":4},"end":{"line":20,"column":5}}}],"exports":[{"type":"ExportDefaultDeclaration"}]},"updatedAt":"2023-03-28T05:56:46.729Z"},{"_allAttributes":null,"_properties":null,"_methods":null,"file":"/Users/nkumaryampati/Documents/VSCodeProjects/lwc-exercise/force-app/main/default/lwc/labsStudentCard/labsStudentCard.js","metadata":{"decorators":[{"type":"api","targets":[{"type":"property","name":"recordId","value":{"type":"unresolved"}},{"type":"property","name":"objectApiName","value":{"type":"unresolved"}}]}],"declarationLoc":{"start":{"line":5,"column":0},"end":{"line":21,"column":1}},"classMembers":[{"type":"property","name":"recordId","loc":{"start":{"line":6,"column":4},"end":{"line":6,"column":18}},"decorator":"api","value":{"type":"unresolved"}},{"type":"property","name":"objectApiName","loc":{"start":{"line":7,"column":4},"end":{"line":7,"column":23}},"decorator":"api","value":{"type":"unresolved"}},{"type":"property","name":"studentWrap","loc":{"start":{"line":8,"column":4},"end":{"line":8,"column":21}}},{"type":"property","name":"error","loc":{"start":{"line":9,"column":4},"end":{"line":9,"column":10}}},{"type":"method","name":"connectedCallback","loc":{"start":{"line":13,"column":4},"end":{"line":20,"column":5}}}],"exports":[{"type":"ExportDefaultDeclaration"}]},"updatedAt":"2023-03-28T09:06:08.336Z"},{"_allAttributes":null,"_properties":null,"_methods":null,"file":"/Users/nkumaryampati/Documents/VSCodeProjects/lwc-exercise/force-app/main/default/lwc/labsStudentHistoryCard/labsStudentHistoryCard.js","metadata":{"decorators":[{"type":"api","targets":[{"type":"property","name":"recordId","value":{"type":"unresolved"}},{"type":"property","name":"objectApiName","value":{"type":"unresolved"}}]}],"declarationLoc":{"start":{"line":4,"column":0},"end":{"line":7,"column":1}},"classMembers":[{"type":"property","name":"recordId","loc":{"start":{"line":5,"column":4},"end":{"line":5,"column":18}},"decorator":"api","value":{"type":"unresolved"}},{"type":"property","name":"objectApiName","loc":{"start":{"line":6,"column":4},"end":{"line":6,"column":23}},"decorator":"api","value":{"type":"unresolved"}}],"exports":[{"type":"ExportDefaultDeclaration"}]},"updatedAt":"2023-03-29T06:20:07.178Z"},{"_allAttributes":null,"_properties":null,"_methods":null,"file":"/Users/nkumaryampati/Documents/VSCodeProjects/lwc-exercise/force-app/main/default/lwc/labsStudentsList/labsStudentsList.js","metadata":{"decorators":[{"type":"wire","targets":[{"name":"wiredData","adapter":{"name":"getCourses","reference":"@salesforce/apex/labsCourseController.searchRecord"},"type":"method","static":{},"params":{"searchKeyWord":"searchKey"}},{"name":"messageContext","adapter":{"name":"MessageContext","reference":"lightning/messageService"},"type":"property"}]},{"type":"track","targets":[{"name":"searchKey","type":"property"}]}],"declarationLoc":{"start":{"line":7,"column":0},"end":{"line":33,"column":1}},"classMembers":[{"type":"property","name":"searchKey","loc":{"start":{"line":8,"column":4},"end":{"line":8,"column":21}},"decorator":"track"},{"type":"property","name":"studentList","loc":{"start":{"line":9,"column":4},"end":{"line":9,"column":21}}},{"type":"property","name":"error","loc":{"start":{"line":10,"column":4},"end":{"line":10,"column":10}}},{"type":"method","name":"wiredData","loc":{"start":{"line":12,"column":4},"end":{"line":21,"column":5}},"decorator":"wire"},{"type":"property","name":"messageContext","loc":{"start":{"line":23,"column":4},"end":{"line":24,"column":19}},"decorator":"wire"},{"type":"method","name":"handleStudentSelect","loc":{"start":{"line":26,"column":4},"end":{"line":30,"column":5}}}],"exports":[{"type":"ExportDefaultDeclaration"}]},"updatedAt":"2023-03-25T12:16:11.886Z"}]