<?xml version="1.0" encoding="UTF-8"?>
<CustomMetadata xmlns="http://soap.sforce.com/2006/04/metadata" xmlns:xsi="http://www.w3.org/2001/XMLSchema-instance" xmlns:xsd="http://www.w3.org/2001/XMLSchema">
    <label>Org Identifier</label>
    <protected>false</protected>
    <values>
        <field>Identifier__c</field>
        <value xsi:type="xsd:string">aa74d1a8-5884-1c5f-082f-8bfbee691add</value>
    </values>
    <values>
        <field>Org_Type__c</field>
        <value xsi:type="xsd:string">SDO</value>
    </values>
</CustomMetadata>
